{
  "lastUpdate": "2026-01-31T16:36:52.305Z",
  "portfolioValue": 300.7865620237024,
  "portfolioPnlPct": -30.049636738673858,
  "portfolioVolPct": 2.4518760457689885,
  "cash": 219.11691,
  "cashPct": 72.84797183949104,
  "ethForGas": 0.007186460017828598,
  "positions": [
    {
      "symbol": "ELSA",
      "strategy": "A",
      "entryPrice": 0.12306029675488674,
      "currentPrice": 0.1289,
      "pnlPct": 4.7453999373533575,
      "sizePct": 10.342807722202016,
      "usdAmount": 31.10977576433345,
      "holdHours": "17.9",
      "tookPartial": false,
      "volContribution": null
    },
    {
      "symbol": "BNKR",
      "strategy": "A",
      "entryPrice": 0.0005819547353887222,
      "currentPrice": 0.0005763,
      "pnlPct": -0.9716795903284683,
      "sizePct": 9.964333672391795,
      "usdAmount": 29.97137668175741,
      "holdHours": "1.7",
      "tookPartial": false,
      "entryATR": 0.24518760457689884,
      "conviction": 1,
      "volContribution": "2.452%"
    }
  ],
  "unreadAlerts": 0,
  "recentAlerts": []
}